{
  "embedding_model": "Qwen/Qwen3-Embedding-0.6B",
  "reranker_model": "Qwen/Qwen3-Reranker-0.6B",
  "e2e_mrr_at_3": 0.8683333333333334,
  "e2e_hit_at_1": 0.82,
  "e2e_hit_at_3": 0.92,
  "e2e_latency_ms": 168.88809204101562,
  "embed_latency_ms": 0.0,
  "rerank_latency_ms": 0.0,
  "combined_vram_mb": 2282.736328125,
  "embedding_vram_mb": 1146.3681640625,
  "reranker_vram_mb": 1136.3681640625,
  "deployable": true,
  "note": ""
}