{
  "model_name": "Qwen/Qwen3-Reranker-0.6B",
  "model_short": "qwen3-reranker-0.6b",
  "embedding_source": "qwen3-0.6b",
  "rerank_mrr_at_1": 0.82,
  "rerank_mrr_at_3": 0.8683333333333334,
  "rerank_hit_at_1": 0.82,
  "rerank_hit_at_3": 0.92,
  "mrr_gain": 0.008333333333333415,
  "mrr_by_chapter": {
    "一、编制依据": 1.0,
    "二、工程概况": 1.0,
    "三、施工组织": 0.6666666666666666,
    "四、施工安排": 0.625,
    "五、施工准备": 1.0,
    "六、施工方法": 0.9166666666666666,
    "七、质量管理": 0.7888888888888889,
    "八、安全文明": 0.9333333333333333,
    "九、应急预案": 0.7083333333333334,
    "十、绿色施工": 0.9
  },
  "mrr_by_length": {
    "<512": 0.9492753623188406,
    "512-1024": 0.7777777777777778,
    ">1024": 0.5641025641025641
  },
  "single_rerank_ms": 127.48348712921143,
  "vram_peak_mb": 4426.4462890625
}