{
  "model_name": "Qwen/Qwen3-Reranker-4B",
  "model_short": "qwen3-reranker-4b",
  "embedding_source": "qwen3-0.6b",
  "rerank_mrr_at_1": 0.86,
  "rerank_mrr_at_3": 0.8933333333333334,
  "rerank_hit_at_1": 0.86,
  "rerank_hit_at_3": 0.93,
  "mrr_gain": 0.03333333333333344,
  "mrr_by_chapter": {
    "一、编制依据": 0.8,
    "二、工程概况": 0.8333333333333334,
    "三、施工组织": 0.6666666666666666,
    "四、施工安排": 0.75,
    "五、施工准备": 1.0,
    "六、施工方法": 0.9277777777777777,
    "七、质量管理": 0.8666666666666667,
    "八、安全文明": 0.9666666666666667,
    "九、应急预案": 0.7916666666666666,
    "十、绿色施工": 1.0
  },
  "mrr_by_length": {
    "<512": 0.9396135265700483,
    "512-1024": 0.8611111111111112,
    ">1024": 0.6923076923076923
  },
  "single_rerank_ms": 294.05808448791504,
  "vram_peak_mb": 11295.2138671875
}