{
  "model_name": "BAAI/bge-reranker-v2-m3",
  "model_short": "bge-reranker",
  "embedding_source": "qwen3-0.6b",
  "rerank_mrr_at_1": 0.75,
  "rerank_mrr_at_3": 0.7866666666666666,
  "rerank_hit_at_1": 0.75,
  "rerank_hit_at_3": 0.83,
  "mrr_gain": -0.07333333333333336,
  "mrr_by_chapter": {
    "一、编制依据": 0.8,
    "二、工程概况": 0.6666666666666666,
    "三、施工组织": 0.6666666666666666,
    "四、施工安排": 0.75,
    "五、施工准备": 1.0,
    "六、施工方法": 0.8166666666666667,
    "七、质量管理": 0.7,
    "八、安全文明": 0.8666666666666667,
    "九、应急预案": 0.6388888888888888,
    "十、绿色施工": 0.8
  },
  "mrr_by_length": {
    "<512": 0.821256038647343,
    "512-1024": 0.8333333333333334,
    ">1024": 0.5384615384615384
  },
  "single_rerank_ms": 35.462379455566406,
  "vram_peak_mb": 4336.111328125
}