{
  "model_name": "Qwen/Qwen3-Reranker-8B",
  "model_short": "qwen3-reranker-8b",
  "embedding_source": "qwen3-0.6b",
  "rerank_mrr_at_1": 0.86,
  "rerank_mrr_at_3": 0.8883333333333333,
  "rerank_hit_at_1": 0.86,
  "rerank_hit_at_3": 0.93,
  "mrr_gain": 0.02833333333333332,
  "mrr_by_chapter": {
    "一、编制依据": 0.8,
    "二、工程概况": 0.7777777777777777,
    "三、施工组织": 0.7777777777777777,
    "四、施工安排": 0.75,
    "五、施工准备": 1.0,
    "六、施工方法": 0.9277777777777777,
    "七、质量管理": 0.8333333333333334,
    "八、安全文明": 1.0,
    "九、应急预案": 0.736111111111111,
    "十、绿色施工": 1.0
  },
  "mrr_by_length": {
    "<512": 0.9516908212560385,
    "512-1024": 0.8518518518518519,
    ">1024": 0.6025641025641026
  },
  "single_rerank_ms": 470.99339962005615,
  "vram_peak_mb": 19212.6845703125
}