{
  "model_name": "Qwen/Qwen3-Embedding-0.6B",
  "model_short": "qwen3-0.6b",
  "embedding_dim": 1024,
  "mrr_at_1": 0.82,
  "mrr_at_3": 0.86,
  "hit_at_1": 0.82,
  "hit_at_3": 0.91,
  "hit_at_10": 0.94,
  "mrr_by_chapter": {
    "一、编制依据": 0.9,
    "二、工程概况": 0.8333333333333334,
    "三、施工组织": 0.6666666666666666,
    "四、施工安排": 0.75,
    "五、施工准备": 1.0,
    "六、施工方法": 0.8611111111111112,
    "七、质量管理": 0.8666666666666667,
    "八、安全文明": 0.9666666666666667,
    "九、应急预案": 0.6944444444444445,
    "十、绿色施工": 0.8666666666666666
  },
  "mrr_by_length": {
    "<512": 0.9371980676328501,
    "512-1024": 0.7407407407407408,
    ">1024": 0.6153846153846154
  },
  "hit3_by_length": {
    "<512": 0.9710144927536232,
    "512-1024": 0.8333333333333334,
    ">1024": 0.6923076923076923
  },
  "single_embed_ms": 12.399911880493164,
  "batch_embed_s": 8.175198316574097,
  "vram_peak_mb": 5556.76220703125,
  "avg_score_gap": 0.40831298828125
}