{
  "model_name": "Qwen/Qwen3-Embedding-4B",
  "model_short": "qwen3-4b",
  "embedding_dim": 2560,
  "mrr_at_1": 0.85,
  "mrr_at_3": 0.8916666666666666,
  "hit_at_1": 0.85,
  "hit_at_3": 0.94,
  "hit_at_10": 0.98,
  "mrr_by_chapter": {
    "一、编制依据": 1.0,
    "二、工程概况": 0.7777777777777777,
    "三、施工组织": 1.0,
    "四、施工安排": 0.75,
    "五、施工准备": 1.0,
    "六、施工方法": 0.9277777777777777,
    "七、质量管理": 0.8666666666666667,
    "八、安全文明": 0.9,
    "九、应急预案": 0.75,
    "十、绿色施工": 0.9
  },
  "mrr_by_length": {
    "<512": 0.9637681159420289,
    "512-1024": 0.8055555555555556,
    ">1024": 0.6282051282051282
  },
  "hit3_by_length": {
    "<512": 0.9855072463768116,
    "512-1024": 0.8888888888888888,
    ">1024": 0.7692307692307693
  },
  "single_embed_ms": 15.864253044128418,
  "batch_embed_s": 21.478442907333374,
  "vram_peak_mb": 10268.55859375,
  "avg_score_gap": 0.41462158203125
}