{
  "model_name": "BAAI/bge-m3",
  "model_short": "bge-m3",
  "embedding_dim": 1024,
  "mrr_at_1": 0.69,
  "mrr_at_3": 0.7500000000000001,
  "hit_at_1": 0.69,
  "hit_at_3": 0.83,
  "hit_at_10": 0.95,
  "mrr_by_chapter": {
    "一、编制依据": 0.6,
    "二、工程概况": 0.7777777777777777,
    "三、施工组织": 0.5,
    "四、施工安排": 0.625,
    "五、施工准备": 0.9375,
    "六、施工方法": 0.861111111111111,
    "七、质量管理": 0.6666666666666666,
    "八、安全文明": 0.8666666666666667,
    "九、应急预案": 0.5277777777777778,
    "十、绿色施工": 0.6
  },
  "mrr_by_length": {
    "<512": 0.8212560386473431,
    "512-1024": 0.6574074074074073,
    ">1024": 0.49999999999999994
  },
  "hit3_by_length": {
    "<512": 0.8695652173913043,
    "512-1024": 0.7777777777777778,
    ">1024": 0.6923076923076923
  },
  "single_embed_ms": 6.636500358581543,
  "batch_embed_s": 18.18891978263855,
  "vram_peak_mb": 18562.1259765625,
  "avg_score_gap": 0.24771782398223877
}