{
  "model_name": "BAAI/bge-large-zh-v1.5",
  "model_short": "bge-large-zh",
  "embedding_dim": 1024,
  "mrr_at_1": 0.64,
  "mrr_at_3": 0.6866666666666668,
  "hit_at_1": 0.64,
  "hit_at_3": 0.75,
  "hit_at_10": 0.9,
  "mrr_by_chapter": {
    "一、编制依据": 0.5666666666666667,
    "二、工程概况": 0.6666666666666666,
    "三、施工组织": 0.3333333333333333,
    "四、施工安排": 0.75,
    "五、施工准备": 0.8541666666666666,
    "六、施工方法": 0.7166666666666667,
    "七、质量管理": 0.7333333333333333,
    "八、安全文明": 0.8111111111111111,
    "九、应急预案": 0.4444444444444444,
    "十、绿色施工": 0.6
  },
  "mrr_by_length": {
    "<512": 0.7850241545893719,
    "512-1024": 0.5092592592592592,
    ">1024": 0.41025641025641024
  },
  "hit3_by_length": {
    "<512": 0.8405797101449275,
    "512-1024": 0.6111111111111112,
    ">1024": 0.46153846153846156
  },
  "single_embed_ms": 6.646394729614258,
  "batch_embed_s": 3.7046725749969482,
  "vram_peak_mb": 2018.65625,
  "avg_score_gap": 0.23632977932691573
}